GEOID,COUNTYFP_BG,COUNTYFP_CT
090116933003,011,180
090159025001,015,150
090158150002,015,150
090159044003,015,150
090159072003,015,150
090159081001,015,
090159002001,015,
090159001004,015,
090159001003,015,150
090158150001,015,
090159022001,015,150
090158301005,015,
090159061003,015,150
090159002003,015,150
090159071001,015,150
090159002002,015,
090034771013,003,110
090010809004,001,120
090011106012,001,
090011106023,001,140
090011106022,001,140
090011106011,001,140
090010351022,001,190
090010431004,001,190
090010354004,001,190
090010351012,001,190
090010551002,001,190
090012105022,001,190
090010351011,001,190
090010104005,001,
090010351021,001,190
090010351023,001,190
090010217012,001,190
090010216021,001,190
090010216023,001,190
090012453002,001,190
090010443001,001,190
090010451024,001,190
090012456002,001,190
090010443002,001,190
090010427004,001,190
090012105021,001,190
090010427003,001,190
090012456003,001,190
090010432001,001,190
090012456005,001,190
090012456004,001,190
090010101015,001,
090011106021,001,140
090010731004,001,120
090010354003,001,190
090010551004,001,190
090011102013,001,140
090012052004,001,190
090010216022,001,190
090010551006,001,
090012202005,001,190
090012202003,001,190
090012301004,001,
090010215022,001,190
090010215021,001,190
090012112022,001,190
090012108004,001,190
090012102022,001,190
090011052003,001,120
090012102012,001,190
090012101021,001,190
090012104011,001,190
090010503023,001,190
090010431001,001,190
090010733003,001,120
090012104012,001,190
090010214011,001,190
090010813004,001,120
090011051003,001,120
090011003004,001,
090010902005,001,120
090010904002,001,120
090010601003,001,120
090010214022,001,190
090010216011,001,190
090010216012,001,190
090012114005,001,190
090010728004,001,120
090010728002,001,120
090010106002,001,190
090010610001,001,120
090012301001,001,
090012301002,001,190
090010201011,001,190
090010211003,001,190
090010217024,001,190
090012571004,001,
090012571003,001,190
090012202004,001,190
090010211004,001,190
090010107001,001,190
090012202001,001,190
090012203002,001,190
090012305023,001,190
090010215013,001,190
090010214021,001,190
090010214013,001,190
090012112023,001,190
090012105024,001,190
090012105023,001,190
090012305024,001,190
090012112012,001,190
090012112021,001,190
090012112011,001,190
090012114004,001,190
090010551005,001,
090011002004,001,
090012101012,001,190
090012101011,001,190
090012102023,001,190
090012102021,001,190
090012102011,001,190
090010215011,001,190
090010201023,001,190
090010201021,001,190
090010201022,001,190
090010217023,001,190
090010217021,001,190
090010738002,001,120
090012101022,001,190
090012105012,001,190
090012106004,001,190
090012105011,001,190
090012104023,001,190
090010503021,001,
090010605002,001,120
090012104021,001,190
090012104022,001,190
090012052002,001,190
090010503011,001,
090010503022,001,190
090010214023,001,190
090010214012,001,190
090010215012,001,190
090011002005,001,120
090010503012,001,
090010217022,001,190
090010217011,001,190
090010104004,001,
090012002002,001,190
090011051002,001,120
090011003001,001,
090010733002,001,120
090010809003,001,120
090035151022,003,110
090034641024,003,110
090034875005,003,110
090034001012,003,
090034602043,003,
090034701006,003,110
090034771032,003,110
090034812002,003,110
090034842004,003,110
090034160004,003,110
090034731002,003,110
090034663002,003,110
090035106001,003,110
090034737005,003,110
090034302033,003,110
090035049003,003,110
090033301002,003,
090034771031,003,110
090035027002,003,110
090034841005,003,110
090035031023,003,110
090035042003,003,110
090035246002,003,110
090035031021,003,110
090034056007,003,140
090035033003,003,110
090034701002,003,110
090035028002,003,110
090035028003,003,110
090034977002,003,110
090034875004,003,110
090035104005,003,110
090035039002,003,110
090034841004,003,110
090034737003,003,110
090034969001,003,110
090034941001,003,110
090034206023,003,110
090034306022,003,110
090035151023,003,110
090035141031,003,110
090034975001,003,110
090035111001,003,110
090034302034,003,110
090034054011,003,
090034975004,003,110
090034304003,003,
090034301002,003,110
090034714004,003,110
090034641015,003,
090034663004,003,110
090034841002,003,110
090034622022,003,110
090035205013,003,
090034001022,003,110
090034001011,003,
090034206022,003,110
090034941005,003,110
090034054013,003,
090034206011,003,110
090034206021,003,110
090034206012,003,110
090035141042,003,110
090034771041,003,110
090034207002,003,110
090035141041,003,110
090035152001,003,110
090034641014,003,110
090034714001,003,110
090034058011,003,140
090034875003,003,110
090035027003,003,110
090034874001,003,110
090035027001,003,110
090035112002,003,110
090035104003,003,110
090035141032,003,110
090035014003,003,110
090034969005,003,110
090035031022,003,110
090035245012,003,110
090035031011,003,110
090034056006,003,140
090034842003,003,110
090035148001,003,110
090034969007,003,110
090034058012,003,140
090034306031,003,110
090035241006,003,
090034301003,003,110
090034304004,003,
090034003001,003,110
090035151025,003,110
090034771042,003,110
090034058021,003,140
090034058022,003,
090034602044,003,
090034701005,003,110
090034003003,003,110
090117025003,011,180
090117027004,011,180
090117027003,011,180
090117071005,011,
090117071006,011,180
090117051025,011,
090117051024,011,180
090117054003,011,180
090117161024,011,180
090117101005,011,180
090117101004,011,
090117101002,011,180
090117021003,011,180
090116964014,011,180
090116964012,011,180
090116968004,011,180
090116970004,011,180
090116964011,011,180
090116968003,011,180
090117151003,011,
090117151004,011,180
090117111004,011,
090117081003,011,
090117001006,011,180
090117001004,011,180
090116967014,011,180
090116601041,011,
090118707044,011,180
090118701005,011,180
090116952015,011,180
090116601042,011,130
090116967011,011,180
090116967012,011,180
090117001005,011,180
090117081004,011,
090117071004,011,
090116905003,011,180
090117054001,011,180
090117161014,011,180
090116601031,011,
090117141035,011,
090116903005,011,180
090117131003,011,180
090116964013,011,180
090116967013,011,180
090116970003,011,180
090117161012,011,
090117053001,011,180
090116966003,011,180
090116601032,011,
090118707042,011,180
090117111003,011,
090117091004,011,
090117141043,011,180
090117141012,011,
090117141033,011,
090119800002,011,180
090052531001,005,190
090052532001,005,190
090053201025,005,160
090052901004,005,160
090052611004,005,160
090053421004,005,
090053602003,005,140
090054256012,005,
090054256011,005,160
090053202006,005,160
090053107004,005,160
090052961003,005,160
090053201022,005,160
090053202005,005,160
090052931002,005,
090053107002,005,160
090053201011,005,160
090053201012,005,160
090053201024,005,160
090053202004,005,160
090053201023,005,160
090053201021,005,160
090052661003,005,160
090052661004,005,160
090052621003,005,160
090052532005,005,
090053108042,005,160
090053107005,005,160
090053108034,005,160
090052961004,005,160
090052602004,005,160
090053101004,005,160
090053101002,005,160
090052984003,005,
090054257001,005,190
090052621004,005,
090052611002,005,160
090053601006,005,140
090053491004,005,140
090053603003,005,140
090054253004,005,140
090052532004,005,190
090053005003,005,160
090052535005,005,
090054257002,005,190
090053031003,005,
090052651002,005,160
090052671004,005,160
090052681003,005,
090053602007,005,140
090054254004,005,140
090052671005,005,
090052531003,005,190
090054254001,005,140
090052671003,005,160
090053604006,005,140
090054254003,005,140
090053031001,005,
090053621025,005,
090053602005,005,140
090054256021,005,160
090053601002,005,140
090053602006,005,140
090052535001,005,190
090054257003,005,190
090054256022,005,160
090159041021,015,
090158250002,015,
090159061004,015,150
090159061002,015,
090158200002,015,150
090159051012,015,150
090159031012,015,150
090158005022,015,
090159031023,015,150
090159031022,015,150
090159031021,015,150
090159031011,015,150
090159011022,015,
090159011021,015,
090159011023,015,150
090159011012,015,150
090159031013,015,150
090159022002,015,150
090159041012,015,
090159081003,015,
090159081004,015,150
090159081002,015,
090159041011,015,150
090159025004,015,150
090158005013,015,180
090158200003,015,150
090159011011,015,150
090159025002,015,150
090159051021,015,150
090158005023,015,
090158005011,015,
090158005021,015,180
090159051011,015,150
090159041022,015,
090159051013,015,150
090158150003,015,150
090158005012,015,
090159051022,015,150
090159041013,015,150
090135302002,013,110
090135302004,013,110
090135303024,013,110
090138502004,013,110
090138502002,013,110
090135303014,013,110
090135261013,013,
090135331032,013,110
090138811005,013,110
090135331042,013,110
090135331031,013,110
090135331041,013,110
090135331033,013,110
090135351022,013,110
090138815003,013,
090135351013,013,110
090135281004,013,110
090135304003,013,110
090135351012,013,110
090135303022,013,110
090135351014,013,110
090135382013,013,110
090138901004,013,110
090135281003,013,110
090138813003,013,110
090135351023,013,110
090135351021,013,110
090135351015,013,110
090135351011,013,110
090091841012,009,170
090091941021,009,170
090091660043,009,170
090091712013,009,170
090091541023,009,170
090091542003,009,170
090093615002,009,170
090091673014,009,170
090091673011,009,170
090091903025,009,170
090091673013,009,170
090093511003,009,140
090091574003,009,170
090091302012,009,140
090091302011,009,140
090091413012,009,170
090091401011,009,170
090091548004,009,170
090091671022,009,170
090091671011,009,170
090075901021,007,130
090076801022,007,130
090076301013,007,130
090076401003,007,
090075951024,007,130
090093519003,009,140
090091841013,009,170
090091841011,009,170
090091671013,009,170
090091801011,009,170
090093501012,009,140
090093501014,009,140
090093508004,009,140
090091709002,009,170
090093501011,009,140
090093501013,009,140
090093502004,009,140
090091660032,009,170
090091415002,009,170
090091426053,009,170
090091755025,009,170
090091550004,009,170
090091801021,009,170
090091753001,009,170
090091302022,009,140
090091759005,009,170
090091401022,009,170
090091413011,009,170
090091542002,009,170
090091671021,009,170
090091547003,009,170
090091547005,009,170
090091548005,009,170
090091941023,009,170
090091301013,009,140
090091301011,009,
090093433004,009,140
090093461024,009,
090091202003,009,140
090091302023,009,140
090091401021,009,170
090091755021,009,170
090091755024,009,170
090091755023,009,170
090091754004,009,170
090093452011,009,140
090091941022,009,170
090091841014,009,170
090093611005,009,
090093611003,009,
090093461023,009,140
090093481251,009,140
090093481223,009,140
090093442002,009,140
090091712022,009,
090091202004,009,140
090091712011,009,170
090091941011,009,
090091547004,009,170
090093461014,009,140
090091671023,009,170
090091712012,009,170
090091942025,009,
090091428001,009,170
090076801011,007,130
090076801021,007,130
090076301014,007,130
090075951023,007,130
090075901022,007,130
090075951025,007,130
090075901013,007,130
090075901011,007,130
090075413011,007,130
090075413012,007,130
090075413021,007,130
090075413023,007,130
090075413022,007,130
090076001004,007,130
090076201005,007,130
090075414024,007,130
090076301022,007,130
090075901012,007,130
090076301023,007,130
090075416002,007,130
090076401002,007,
090075901023,007,130
090076801023,007,130
090076301021,007,130
090076801012,007,130
090076301012,007,130
090076301011,007,130
090075601002,007,130
090091415004,009,170
090091660031,009,170
090091660042,009,170
090093452015,009,140
090091671024,009,170
090091406003,009,170
090093614012,009,170
090091550002,009,170
090091550003,009,170
090091302021,009,140
090091755022,009,170
090091671012,009,170
090091541021,009,170
090091426051,009,170
090091611005,009,
090091426052,009,170
090091756004,009,170
090091712021,009,
090093442003,009,140
090091673012,009,170
090091660041,009,170
090091942022,009,
090091801023,009,170
090093481253,009,140
090093431011,009,
090091801012,009,170
090091673015,009,170
090091755011,009,170
090091541012,009,170
090091541011,009,170
090091841015,009,170
090091801022,009,170
090091941012,009,170
090091302024,009,140
090091541022,009,170
090091413013,009,170
090093527022,009,140
090093527013,009,140
090093527023,009,140
090093611004,009,140
090093526002,009,140
090093527024,009,140
090091716003,009,170
090093452014,009,140
090010902006,001,120
090010902002,001,120
090010902004,001,120
090034714005,003,110
090034306042,003,110
090034306032,003,110
090034305011,003,110
090034305022,003,110
090034714003,003,110
090034305021,003,110
090034306041,003,
090039800021,003,110
090034172001,003,110
090034173001,003,110
090039800031,003,110
090039801001,003,110
090039800011,003,110
090091756001,009,170
090091756002,009,170
090091753002,009,170
090091754002,009,170
090035245021,003,110
090034945003,003,110
090034946001,003,110
090034961001,003,110
090034961002,003,110
090034962001,003,110
090035243003,003,110
090034803001,003,110
090034967001,003,110
090034967003,003,110
090034967004,003,110
090034968001,003,110
090034968002,003,110
090034969002,003,110
090034969003,003,110
090034803002,003,
090034804001,003,110
090034804002,003,110
090034805001,003,
090012053002,001,190
090012103003,001,190
090012103002,001,190
090034963001,003,110
090034963002,003,110
090034964001,003,110
090034964002,003,110
090034965001,003,110
090034805002,003,110
090034806002,003,110
090034807001,003,110
090034807002,003,110
090034808001,003,110
090135303013,013,110
090034965003,003,110
090034966001,003,110
090034966002,003,110
090034808002,003,110
090034808003,003,110
090034809001,003,110
090034810001,003,110
090034811002,003,110
090034812001,003,110
090034813001,003,110
090034841001,003,110
090034871002,003,110
090034871003,003,110
090034871001,003,110
090034731004,003,110
090034737007,003,110
090034921001,003,110
090034871004,003,110
090034872011,003,110
090034872022,003,110
090034873001,003,110
090034874002,003,110
090035247001,003,110
090034101022,003,
090034901001,003,
090034901002,003,
090034963004,003,110
090034965002,003,110
090034968003,003,110
090034964004,003,110
090034975003,003,110
090035004001,003,110
090035040001,003,110
090035049002,003,110
090034901003,003,110
090035242004,003,110
090035242002,003,110
090034101021,003,160
090035242003,003,
090034921002,003,110
090034922001,003,110
090034922002,003,110
090034922003,003,110
090035148002,003,110
090035203011,003,110
090034872013,003,110
090034922004,003,110
090034923001,003,110
090034923005,003,110
090034923003,003,110
090034923002,003,110
090034924001,003,110
090034924002,003,110
090034925001,003,110
090034925002,003,110
090034926001,003,110
090034926002,003,110
090034926003,003,110
090034926004,003,110
090034926005,003,110
090034205002,003,
090035242005,003,110
090035039001,003,110
090035247003,003,110
090034205003,003,110
090034926006,003,110
090034941002,003,110
090034941003,003,110
090034941004,003,110
090034942012,003,110
090034942011,003,110
090034942021,003,110
090034942022,003,110
090034943001,003,110
090034943002,003,110
090034943003,003,110
090034944002,003,110
090034945001,003,110
090034945002,003,110
090053001003,005,160
090034974003,003,110
090034974004,003,110
090034969004,003,110
090034969006,003,110
090034970001,003,110
090034970003,003,110
090034970004,003,110
090034971001,003,110
090034971002,003,110
090034972001,003,110
090034972002,003,110
090034973001,003,110
090034973002,003,110
090034973003,003,110
090034973004,003,110
090034973005,003,110
090034974001,003,110
090035021002,003,110
090035113003,003,110
090035205012,003,
090091754001,009,170
090091760001,009,
090091758002,009,170
090091847003,009,170
090093481252,009,140
090093481242,009,140
090075951013,007,130
090075502022,007,130
090075851004,007,
090076702001,007,130
090075851005,007,
090075502011,007,
090075951011,007,
090075951022,007,130
090091252001,009,140
090091301022,009,140
090093461011,009,140
090093614013,009,170
090093432003,009,140
090093431013,009,140
090093481111,009,
090091415003,009,170
090093432001,009,
090034712002,003,110
090010222011,001,190
090010222023,001,190
090010222021,001,190
090010222013,001,190
090010222012,001,190
090010221012,001,190
090010221023,001,190
090010221021,001,190
090010221022,001,190
090010221011,001,190
090010801002,001,120
090012002004,001,190
090010203022,001,190
090010203021,001,190
090010203012,001,
090010203011,001,190
090010222022,001,190
090093453003,009,140
090091420001,009,170
090093453004,009,140
090091412004,009,170
090091415001,009,170
090034736022,003,110
090034736021,003,110
090034737001,003,110
090093511002,009,140
090091802003,009,170
090034737002,003,110
090034737004,003,110
090034738001,003,110
090034761001,003,110
090034761002,003,110
090034059001,003,140
090034059002,003,140
090034059003,003,140
090034060011,003,140
090034060012,003,140
090034060021,003,
090034061001,003,140
090034153001,003,110
090034154001,003,110
090034154002,003,110
090034154003,003,110
090034761003,003,110
090034762001,003,110
090034762002,003,110
090034763002,003,110
090034662012,003,110
090034662022,003,110
090034061002,003,140
090034061003,003,140
090034763004,003,110
090034763003,003,110
090034946002,003,110
090034663003,003,110
090035106003,003,110
090117141032,011,
090117012004,011,180
090117021002,011,180
090118702001,011,180
090116966001,011,180
090117141034,011,
090034664001,003,110
090034681012,003,
090034701001,003,110
090034701003,003,110
090034711003,003,110
090053491003,005,140
090052681002,005,
090052501001,005,
090052661001,005,
090052632002,005,160
090034712001,003,110
090034713001,003,110
090034713002,003,110
090034713003,003,110
090034713004,003,110
090034714002,003,110
090034731005,003,110
090034731003,003,110
090076101002,007,
090034156001,003,110
090053202001,005,160
090053107001,005,160
090052983001,005,160
090052901001,005,
090053601003,005,140
090010901002,001,120
090012304001,001,190
090011103014,001,140
090010705002,001,120
090010735002,001,120
090010501003,001,190
090011051001,001,
090010442002,001,190
090010303001,001,190
090010354000,001,190
090012571002,001,190
090010716001,001,120
090012305021,001,
090012453001,001,190
090011105003,001,140
090011105001,001,140
090010607002,001,120
090010101023,001,190
090010101021,001,190
090012451002,001,190
090010303002,001,190
090010440004,001,190
090010103003,001,190
090010602001,001,120
090034735023,003,110
090010205002,001,190
090010207002,001,190
090010207004,001,190
090010209001,001,190
090118702004,011,180
090119800001,011,180
090034735022,003,110
090075412001,007,130
090034641012,003,110
090091659003,009,170
090091659004,009,170
090091659005,009,170
090010305003,001,190
090010502003,001,190
090010504001,001,190
090010726001,001,120
090010726002,001,120
090010726003,001,120
090010726004,001,120
090010726005,001,120
090075414013,007,130
090075414012,007,130
090075502023,007,130
090091672013,009,170
090091672021,009,170
090091672022,009,170
090091672011,009,170
090091672023,009,170
090010353001,001,190
090010505001,001,190
090010505002,001,190
090010505003,001,190
090010505004,001,190
090010727001,001,120
090010727002,001,120
090010727003,001,120
090010728001,001,120
090010728003,001,120
090010739002,001,120
090010739003,001,120
090010739004,001,120
090010740001,001,120
090010740002,001,120
090010743001,001,120
090034772002,003,
090010725002,001,120
090012051003,001,190
090010552001,001,
090010605001,001,
090010202002,001,190
090010438003,001,190
090012451001,001,190
090010101022,001,190
090010352002,001,190
090010354001,001,190
090012455001,001,190
090010425001,001,190
090010425002,001,190
090010425003,001,190
090010551003,001,190
090010552002,001,190
090010601002,001,120
090010602002,001,120
090010352001,001,
090012452001,001,190
090011002001,001,120
090010436002,001,190
090012108003,001,190
090011102023,001,
090010207003,001,190
090010743002,001,120
090012003023,001,190
090010607004,001,120
090010354002,001,190
090010729001,001,120
090010729002,001,120
090010730001,001,120
090010731001,001,120
090010731002,001,120
090034641023,003,
090010101013,001,
090010102023,001,190
090010104003,001,190
090012402001,001,190
090010301002,001,190
090010902001,001,120
090010451012,001,190
090010601001,001,120
090010704001,001,120
090010426001,001,190
090010426002,001,190
090010426003,001,190
090010426004,001,190
090010427001,001,190
090010602003,001,120
090010602004,001,120
090010603001,001,120
090010603002,001,120
090010731003,001,120
090010732001,001,120
090010732002,001,120
090010733001,001,120
090010734001,001,120
090010734002,001,120
090093452022,009,
090012003011,001,190
090091660022,009,170
090091660024,009,170
090012003013,001,190
090012053001,001,190
090012053003,001,190
090010108001,001,190
090010108002,001,190
090010109001,001,190
090010109002,001,190
090010113002,001,190
090138902042,013,
090138902041,013,
090138902031,013,
090012452002,001,190
090011102011,001,
090010552003,001,190
090010604005,001,
090011102021,001,
090012456001,001,190
090010438002,001,190
090010611001,001,120
090010205003,001,190
090012114003,001,190
090011104003,001,
090010739001,001,120
090091901003,009,170
090093431012,009,
090091844002,009,170
090135303012,013,110
090091902002,009,170
090091846002,009,170
090091502002,009,170
090091509001,009,170
090091511002,009,170
090117024002,011,180
090116935001,011,180
090116909001,011,180
090117027002,011,180
090117026001,011,180
090010504002,001,190
090091427003,009,170
090091402001,009,170
090091201004,009,140
090091201002,009,
090091201003,009,
090091253003,009,140
090116909004,011,180
090158003002,015,
090034101023,003,
090034735021,003,110
090034944003,003,110
090035241005,003,
090093613002,009,140
090093613003,009,140
090035014001,003,110
090035144004,003,110
090034002002,003,
090091653002,009,170
090091942024,009,
090093431022,009,
090093452012,009,140
090093502001,009,140
090093516012,009,140
090093611002,009,140
090091201001,009,
090091202001,009,140
090091202002,009,140
090099900000,009,
090034602032,003,110
090034101011,003,
090034101013,003,
090034155003,003,110
090076701004,007,130
090076702004,007,130
090054255001,005,140
090034662021,003,110
090034664002,003,110
090034771011,003,
090034964003,003,110
090034153002,003,110
090034159002,003,110
090034166002,003,110
090035143004,003,110
090034681013,003,110
090035144001,003,110
090034711001,003,110
090034641013,003,110
090034681011,003,110
090034970002,003,110
090034157001,003,110
090034813002,003,110
090091845001,009,170
090091510004,009,170
090091549001,009,170
090091861001,009,170
090093481221,009,140
090091760003,009,
090091571002,009,170
090093516023,009,140
090091419003,009,170
090052621001,005,
090093481232,009,140
090091425004,009,170
090091602001,009,170
090091571001,009,170
090093502002,009,140
090034734002,003,110
090035029001,003,110
090035048001,003,110
090035143002,003,110
090034810002,003,110
090034681023,003,110
090034772001,003,110
090034962003,003,110
090034155001,003,110
090034622011,003,110
090091707002,009,170
090091547002,009,170
090091424002,009,170
090093442001,009,140
090091672012,009,170
090091414003,009,170
090091714001,009,170
090091714002,009,170
090034681014,003,110
090034681022,003,110
090093509001,009,140
090093481112,009,
090091703001,009,170
090035247002,003,110
090034302021,003,110
090034945004,003,110
090034622013,003,110
090035202011,003,110
090034681015,003,110
090035018002,003,110
090034303022,003,110
090034963003,003,110
090091716002,009,170
090091717001,009,170
090091715001,009,170
090091715002,009,170
090091717002,009,
090091509002,009,170
090091903031,009,170
090091512001,009,170
090091902003,009,170
090091903014,009,170
090034159001,003,110
090034711002,003,110
090034808004,003,110
090035202012,003,110
090035009001,003,110
090034735011,003,110
090035144002,003,110
090034003005,003,110
090034204001,003,110
090034661024,003,110
090034663001,003,110
090034681021,003,110
090034621015,003,110
090034661021,003,110
090034661023,003,110
090034662011,003,110
090034060022,003,
090034602022,003,110
090034737006,003,110
090035202021,003,
090034967002,003,110
090034976001,003,110
090034735013,003,110
090034771012,003,
090035243002,003,
090034811001,003,110
090034842001,003,110
090034872012,003,110
090034944001,003,110
090034962002,003,110
090034971003,003,110
090034971004,003,110
090035003001,003,110
090035023003,003,110
090035030002,003,110
090035040003,003,110
090035109003,003,110
090035143005,003,110
090035205011,003,110
090034002001,003,
090034003004,003,110
090034051001,003,140
090034051002,003,140
090034052001,003,140
090034052002,003,140
090034052003,003,
090034052004,003,140
090034053001,003,
090034053004,003,140
090034055003,003,140
090034055004,003,140
090034056001,003,140
090034056002,003,140
090034056003,003,140
090034056004,003,140
090034056005,003,140
090034057002,003,140
090119901000,011,
090118707031,011,
090117028002,011,180
090117012003,011,180
090010218023,001,190
090010219001,001,190
090010219002,001,190
090010219003,001,190
090010219004,001,190
090010220001,001,190
090010220002,001,190
090010439003,001,190
090010439004,001,190
090010440001,001,190
090010440002,001,190
090010440003,001,190
090010440005,001,190
090010702001,001,120
090010705001,001,120
090010706001,001,120
090010706002,001,120
090010709001,001,120
090010702003,001,120
090011002002,001,120
090011101001,001,140
090011101002,001,140
090011102012,001,140
090012110002,001,190
090012401003,001,190
090012571001,001,190
090093441002,009,140
090093451001,009,140
090093451002,009,140
090093451003,009,140
090135303011,013,110
090135303023,013,110
090135331021,013,110
090135382011,013,110
090138401001,013,
090138501003,013,110
090138812001,013,110
090010441001,001,190
090010441002,001,190
090010442001,001,190
090010442004,001,190
090010710002,001,120
090010711001,001,120
090010711002,001,120
090010712001,001,120
090010712002,001,120
090010712004,001,120
090010713001,001,120
090010713002,001,120
090010808001,001,
090010808002,001,120
090010808003,001,120
090010808004,001,120
090010808005,001,120
090010809001,001,120
090093432002,009,140
090093433001,009,140
090093433002,009,
090010743003,001,120
090010743004,001,120
090010223001,001,190
090010223002,001,190
090010223003,001,190
090010224001,001,190
090010443003,001,190
090010443004,001,190
090010444002,001,190
090010445001,001,190
090010446001,001,190
090010714001,001,120
090010714002,001,120
090010716002,001,120
090012572002,001,120
090012572001,001,120
090012572004,001,120
090012572003,001,120
090010806002,001,
090010811001,001,120
090010811002,001,120
090010812001,001,
090117012005,011,180
090118702002,011,180
090117023002,011,180
090010744001,001,120
090010744002,001,120
090010744003,001,120
090010302001,001,190
090010302002,001,190
090010302003,001,190
090010304001,001,190
090010453001,001,190
090010453002,001,190
090010719001,001,120
090010719002,001,120
090010720001,001,120
090010720002,001,120
090010721001,001,120
090010721002,001,120
090010721003,001,120
090010722001,001,120
090010722002,001,120
090010903001,001,120
090010903002,001,120
090010903003,001,120
090010804002,001,120
090010807001,001,
090010807002,001,120
090010304002,001,190
090010304003,001,190
090010305001,001,190
090010305002,001,190
090010454001,001,190
090010454002,001,190
090010501001,001,190
090135303021,013,110
090010502002,001,190
090010723001,001,120
090010723002,001,120
090010724001,001,120
090010724002,001,120
090010725001,001,120
090010725003,001,120
090010725004,001,120
090135305001,013,110
090135306001,013,110
090138815001,013,110
090138901003,013,110
090010907001,001,
090010907002,001,
090117024001,011,180
090117025001,011,180
090010502001,001,190
090012052003,001,190
090010501002,001,190
090010506003,001,
090010729003,001,120
090012402003,001,
090010353002,001,190
090010711003,001,120
090010907003,001,120
090011003003,001,
090011103021,001,
090010452001,001,190
090010442003,001,190
090012454001,001,190
090012401002,001,190
090010904003,001,120
090012301003,001,
090012303003,001,190
090012109004,001,190
090010603003,001,120
090091806011,009,170
090091806013,009,170
090091806021,009,170
090010801001,001,120
090011003002,001,
090010202001,001,190
090010611004,001,120
090012202002,001,190
090010722003,001,120
090012304002,001,
090012454002,001,
090091806022,009,170
090135306002,013,110
090135331023,013,110
090053601001,005,140
090091757002,009,
090091759001,009,170
090091759002,009,170
090091757001,009,170
090138401005,013,110
090052931001,005,160
090052983003,005,160
090053001002,005,160
090053031002,005,
090053061001,005,160
090053061002,005,
090035015001,003,110
090035015002,003,110
090053601004,005,140
090035017001,003,110
090035018001,003,110
090035018003,003,110
090035021001,003,110
090035023001,003,110
090035023002,003,110
090035023004,003,110
090035150001,003,110
090035150002,003,110
090035150003,003,110
090035151011,003,110
090035151012,003,110
090053101001,005,160
090035024002,003,110
090035024003,003,110
090035025001,003,110
090035023005,003,110
090135352001,013,110
090135352003,013,110
090035024001,003,110
090035026001,003,110
090035026002,003,110
090035028001,003,110
090035029002,003,110
090035151021,003,110
090035030001,003,110
090035029003,003,110
090135261021,013,110
090138601003,013,
090053101003,005,160
090053102001,005,160
090053102002,005,160
090053103001,005,160
090035246003,003,110
090035246001,003,110
090035035001,003,110
090035245022,003,110
090035202022,003,110
090035202023,003,110
090117071003,011,
090117161021,011,180
090116952013,011,180
090117151001,011,180
090116952014,011,180
090116937002,011,180
090117012001,011,180
090116937001,011,180
090116961001,011,180
090117111001,011,
090116952021,011,180
090117161013,011,
090116962003,011,180
090116601011,011,
090116962001,011,180
090117092001,011,
090116933002,011,180
090116965001,011,180
090117121001,011,180
090117028001,011,180
090117029001,011,
090117030001,011,180
090053103002,005,160
090053104001,005,160
090053104002,005,160
090053105001,005,160
090053105002,005,160
090053106021,005,160
090035037001,003,110
090035037002,003,110
090035039004,003,110
090035039003,003,110
090035203012,003,110
090035203021,003,110
090035040002,003,110
090035041001,003,110
090035042001,003,110
090035043001,003,110
090035245013,003,110
090035204001,003,110
090135352004,013,110
090035204002,003,110
090035204003,003,110
090035204004,003,110
090135352002,013,110
090135382014,013,
090052632001,005,160
090053004001,005,160
090053621012,005,140
090052961002,005,160
090052534001,005,190
090052961001,005,160
090053492001,005,140
090052681001,005,
090035045001,003,110
090035045002,003,110
090035045003,003,110
090035048002,003,110
090035241001,003,110
090035241002,003,110
090035241003,003,
090035241004,003,110
090053106022,005,160
090053106023,005,160
090053108011,005,160
090117081001,011,
090116952024,011,180
090118701001,011,
090116904001,011,180
090117071001,011,180
090117011003,011,180
090116501001,011,
090116963002,011,180
090116601013,011,130
090117091003,011,180
090117121002,011,180
090117081002,011,
090117001003,011,180
090116933001,011,180
090117131001,011,180
090116952022,011,180
090116952011,011,180
090116952012,011,180
090117011001,011,180
090117054002,011,180
090117030002,011,180
090117051022,011,
090117051013,011,
090053491001,005,140
090053107003,005,160
090052602003,005,160
090052535002,005,190
090053621013,005,140
090052532002,005,
090052984002,005,160
090053001001,005,160
090053061003,005,
090053492003,005,140
090054253003,005,140
090053421003,005,140
090053004002,005,160
090053421002,005,
090053601005,005,140
090052534002,005,190
090052535004,005,190
090052661002,005,
090053061004,005,160
090052651001,005,160
090035048004,003,110
090035049001,003,110
090035101001,003,110
090035102001,003,110
090035102002,003,110
090035103001,003,110
090053108012,005,160
090053108033,005,160
090091842001,009,170
090091843001,009,170
090091843002,009,170
090091843003,009,170
090035103002,003,110
090035103003,003,110
090035104001,003,110
090035104002,003,110
090035104004,003,110
090035105001,003,110
090035106002,003,110
090135382021,013,
090135382022,013,110
090138401003,013,110
090138501002,013,110
090053108031,005,160
090052984001,005,
090052602002,005,
090052983002,005,160
090052535003,005,
090052671002,005,
090053621021,005,140
090053621022,005,140
090053202003,005,160
090053491002,005,140
090053005001,005,
090053421001,005,
090053621011,005,140
090053621023,005,140
090052501002,005,
090035106004,003,110
090035107001,003,110
090035107002,003,110
090035107003,003,110
090035107004,003,110
090035108001,003,110
090052531002,005,190
090052532003,005,190
090052534003,005,190
090052534004,005,190
090052602001,005,
090052611001,005,
090052611003,005,
090117092002,011,180
090117001001,011,180
090117011005,011,180
090117012002,011,180
090117071002,011,180
090117141013,011,180
090117151002,011,180
090117161023,011,180
090118701004,011,180
090116501003,011,
090117051011,011,
090117052002,011,
090052621002,005,160
090052671001,005,
090052901002,005,160
090052901003,005,160
090035108002,003,110
090035108003,003,110
090035109001,003,110
090035109002,003,110
090035110001,003,110
090091756003,009,170
090035110002,003,110
090035110003,003,110
090035111002,003,110
090035111003,003,110
090035112001,003,110
090138502005,013,110
090138811004,013,
090138813001,013,110
090138901001,013,110
090138902023,013,
090135281001,013,110
090035112003,003,110
090035113001,003,110
090035113002,003,110
090035114001,003,110
090035114002,003,110
090118703002,011,180
090118703001,011,180
090118703004,011,180
090116903001,011,180
090117091001,011,
090117092003,011,180
090117092004,011,180
090117092005,011,180
090035142001,003,110
090035142002,003,110
090035142003,003,110
090035143001,003,110
090035143003,003,110
090035144003,003,110
090117101001,011,180
090117101003,011,
090034974002,003,110
090034975002,003,110
090034976002,003,110
090034976003,003,110
090035144005,003,110
090035145001,003,110
090035145002,003,110
090035145003,003,110
090035146001,003,110
090034977001,003,110
090034977003,003,110
090035002001,003,110
090035003002,003,110
090035146002,003,110
090035146003,003,110
090035146004,003,110
090035146005,003,110
090035147001,003,110
090035147003,003,110
090035147004,003,110
090035005002,003,110
090035244002,003,110
090035244001,003,110
090035012002,003,110
090035005001,003,110
090035013001,003,110
090035149001,003,110
090035149002,003,110
090035149003,003,110
090091843004,009,170
090091844001,009,170
090075420001,007,130
090075420002,007,130
090075420003,007,130
090075421001,007,130
090075421002,007,130
090034842002,003,110
090091759004,009,170
090091760002,009,170
090075422001,007,130
090075602002,007,130
090075602003,007,130
090075701002,007,130
090034158002,003,110
090075701003,007,130
090075702001,007,130
090075702002,007,130
090075703002,007,130
090076102001,007,130
090076102003,007,130
090093525002,009,140
090093526001,009,140
090075703003,007,130
090075703004,007,130
090075801002,007,
090093525001,009,140
090076102004,007,130
090093527011,009,140
090093527012,009,140
090093527021,009,140
090076201001,007,130
090076201002,007,130
090091942012,009,170
090075851002,007,130
090075801001,007,
090076001001,007,130
090076104001,007,130
090076401001,007,130
090076702002,007,130
090079901000,007,
090076201003,007,130
090091862001,009,170
090091942013,009,170
090091842003,009,170
090091503003,009,170
090091802001,009,170
090091802002,009,170
090091802004,009,170
090091803001,009,170
090091548001,009,170
090091414004,009,170
090091903011,009,170
090091655001,009,170
090075411001,007,130
090075411002,007,130
090075412003,007,130
090091803002,009,170
090091804001,009,170
090091805001,009,170
090075414011,007,
090075414023,007,130
090075415001,007,130
090075415002,007,130
090091805002,009,170
090075502012,007,
090076802005,007,130
090076103002,007,130
090076802003,007,130
090076001003,007,130
090076103003,007,130
090076802002,007,130
090075601003,007,130
090075421003,007,130
090076103001,007,130
090076101001,007,
090076401004,007,130
090075501001,007,
090075701001,007,
090075414021,007,130
090075851003,007,130
090075703001,007,130
090075801004,007,130
090076802001,007,130
090075417001,007,130
090075417002,007,130
090076802004,007,130
090076701003,007,130
090075602001,007,130
090075951012,007,
090076201004,007,130
090075851001,007,130
090076701002,007,130
090075501003,007,130
090075501004,007,
090093481233,009,140
090093523002,009,140
090091903022,009,170
090091411002,009,170
090091551001,009,170
090093461021,009,140
090093411002,009,
090091903033,009,170
090091942021,009,170
090010212001,001,190
090010107002,001,190
090010108003,001,190
090010109003,001,190
090010109004,001,190
090010110001,001,190
090091602003,009,170
090091903032,009,170
090091752001,009,170
090091758001,009,170
090091660025,009,170
090093461012,009,
090010110002,001,190
090010112002,001,190
090010204001,001,190
090093519002,009,140
090091716001,009,170
090093433003,009,
090091942011,009,
090093481222,009,140
090091511004,009,170
090093441003,009,140
090010205001,001,190
090010206003,001,190
090010207001,001,190
090010208001,001,190
090135261023,013,110
090010112001,001,190
090010451011,001,190
090011052001,001,120
090093505002,009,140
090034731001,003,110
090010213001,001,190
090010213002,001,190
090010213003,001,190
090010208002,001,190
090010211002,001,190
090010212002,001,190
090010212003,001,190
090010209002,001,190
090010209003,001,190
090010210001,001,190
090010210002,001,190
090010211001,001,190
090010506002,001,190
090010612002,001,120
090010712003,001,120
090010737002,001,120
090012303001,001,190
090012452003,001,190
090012453003,001,190
090019900000,001,
090010813003,001,120
090010101011,001,190
090010101012,001,190
090010101014,001,
090010102013,001,190
090010102011,001,190
090010102021,001,190
090010103001,001,190
090010110004,001,190
090010110003,001,190
090010111001,001,190
090010111002,001,190
090010104001,001,190
090010104002,001,190
090010105001,001,190
090010105002,001,190
090010105003,001,190
090010105004,001,190
090010106001,001,190
090010107003,001,190
090010208003,001,190
090093513003,009,140
090093513004,009,140
090093513001,009,140
090093514001,009,140
090093514002,009,140
090093514003,009,140
090093515001,009,140
090093515002,009,140
090093508002,009,140
090093508003,009,140
090093528002,009,140
090091842002,009,170
090091847002,009,170
090091754003,009,170
090091418002,009,170
090091903021,009,170
090034165003,003,110
090034166001,003,110
090034167001,003,110
090034167002,003,110
090034167003,003,110
090034167004,003,110
090034167005,003,110
090034167006,003,110
090034168001,003,110
090034602021,003,110
090034603011,003,110
090034603012,003,110
090034603021,003,
090034603023,003,
090034661011,003,110
090034661012,003,110
090034661013,003,110
090034621011,003,110
090034621012,003,110
090034621013,003,110
090034621014,003,110
090034621021,003,110
090034621022,003,
090034622012,003,110
090034641011,003,110
090034641021,003,
090034641022,003,110
090035242001,003,110
090034168002,003,110
090034171001,003,110
090034171002,003,110
090034174001,003,110
090034174002,003,110
090034175002,003,110
090034175003,003,110
090034175001,003,110
090034205001,003,
090034205004,003,110
090093512002,009,140
090093512003,009,140
090093509002,009,140
090093510001,009,140
090093510002,009,140
090093510003,009,140
090093511001,009,140
090093512001,009,140
090053603001,005,140
090053604001,005,140
090158003001,015,
090091251001,009,
090091251002,009,140
090091252002,009,140
090091253001,009,140
090091254001,009,140
090091254002,009,140
090158006001,015,180
090158006003,015,180
090091403001,009,170
090091404001,009,170
090091405001,009,170
090091405002,009,170
090158003003,015,
090091409001,009,170
090091409002,009,170
090158004001,015,180
090158004002,015,180
090158004003,015,180
090093451004,009,140
090053604002,005,140
090010451023,001,190
090012455002,001,
090010206001,001,190
090010206002,001,190
090012003012,001,190
090012305012,001,
090010723003,001,120
090010102012,001,190
090010435001,001,190
090010451021,001,190
090010451022,001,190
090159002004,015,150
090076001002,007,130
090076104002,007,
090076702003,007,130
090091409003,009,170
090091409004,009,170
090091409005,009,170
090091410003,009,170
090091410001,009,170
090158007001,015,180
090158007002,015,180
090158007003,015,180
090158200001,015,150
090158250001,015,
090091412001,009,170
090091412002,009,170
090091411001,009,170
090158301003,015,150
090158301004,015,
090138813004,013,110
090135261012,013,
090135261022,013,110
090138901002,013,110
090091656004,009,170
090091657001,009,170
090091657002,009,170
090091657003,009,170
090091657004,009,170
090091658012,009,170
090091656003,009,170
090091423003,009,170
090091423004,009,170
090091423001,009,170
090091424001,009,170
090091424004,009,170
090091425001,009,170
090091425002,009,170
090091425003,009,170
090091658013,009,170
090091658021,009,170
090091658022,009,170
090091658023,009,170
090091658024,009,170
090091659001,009,
090091508002,009,170
090091510001,009,170
090117053002,011,180
090091542004,009,170
090093615001,009,170
090093615003,009,170
090091542001,009,170
090091659002,009,170
090159001001,015,
090091545004,009,170
090091545003,009,170
090091545002,009,170
090091546001,009,170
090091546002,009,170
090091546003,009,170
090091546004,009,170
090091547001,009,170
090159001002,015,
090091547006,009,170
090118705011,011,180
090117011004,011,180
090118705021,011,180
090117141041,011,180
090091407003,009,170
090091407004,009,170
090091407002,009,170
090091405003,009,170
090091406001,009,170
090091406002,009,170
090091408001,009,170
090091408002,009,170
090091408003,009,170
090091548002,009,170
090091549002,009,170
090091549003,009,170
090091549004,009,170
090091510002,009,170
090091511001,009,170
090091551003,009,170
090091572001,009,170
090091572002,009,170
090091572003,009,170
090091512002,009,170
090091713002,009,170
090091713003,009,170
090091511003,009,170
090091573001,009,
090091573002,009,170
090091425005,009,170
090091426011,009,170
090091426012,009,170
090091426013,009,170
090091426014,009,170
090034875001,003,110
090091574002,009,170
090091574001,009,170
090034875002,003,110
090035245011,003,110
090091427001,009,170
090091427002,009,170
090117027001,011,180
090091427004,009,170
090091428002,009,170
090091574004,009,170
090091601001,009,170
090091601002,009,
090091601003,009,
090091602002,009,170
090091501001,009,170
090091501002,009,170
090091501003,009,170
090091502001,009,170
090091428003,009,170
090053604003,005,140
090091602004,009,
090091611001,009,170
090091611002,009,
090034204002,003,
090034054022,003,140
090034054012,003,
090091503001,009,170
090091503002,009,170
090091503004,009,170
090091504001,009,170
090053106012,005,160
090054253002,005,140
090091611003,009,
090091611004,009,170
090091651001,009,170
090091651003,009,170
090091414001,009,170
090091414002,009,170
090091504002,009,170
090091504003,009,170
090091504004,009,170
090091505001,009,170
090091505002,009,170
090091505003,009,170
090091505004,009,170
090034738002,003,110
090034207003,003,110
090035201001,003,110
090035201002,003,110
090091651002,009,170
090091652001,009,170
090091652002,009,170
090091652003,009,170
090091653001,009,170
090091654001,009,170
090091415006,009,170
090091415007,009,170
090091416001,009,170
090091415005,009,170
090091416002,009,170
090091416003,009,170
090091418001,009,170
090091506001,009,170
090091506002,009,170
090091506003,009,170
090091506004,009,170
090091654003,009,170
090091654004,009,170
090091655002,009,170
090091655004,009,170
090091654002,009,170
090091655005,009,170
090091656001,009,170
090035141012,003,110
090035141011,003,110
090034715002,003,110
090034715001,003,110
090091656002,009,170
090091419002,009,170
090091419004,009,170
090091418003,009,170
090135291001,013,110
090091419001,009,170
090091421001,009,170
090091422001,009,170
090091422002,009,170
090091506005,009,
090091507001,009,170
090091507002,009,170
090091507003,009,
090091508001,009,170
090035203023,003,110
090034101012,003,
090035243001,003,
090091713004,009,170
090035203022,003,110
090034942013,003,110
090035201003,003,110
090034603022,003,110
090034622021,003,110
090034057001,003,140
090033301001,003,
090034054021,003,140
090035012001,003,110
090034806004,003,110
090034872021,003,110
090034923004,003,110
090035048003,003,110
090034002003,003,
090034055002,003,140
090035105002,003,110
090034962004,003,110
090159032002,015,
090159072002,015,150
090053202002,005,160
090053602001,005,140
090053603002,005,140
090053621024,005,
090093502003,009,140
090034061004,003,140
090034055001,003,
090034602031,003,110
090035038001,003,110
090159044002,015,150
090159073001,015,150
090034053003,003,
090034053002,003,
090093516024,009,140
090093517001,009,140
090093517002,009,140
090093518001,009,140
090093518002,009,140
090035001001,003,110
090035042002,003,110
090035033001,003,110
090035033002,003,110
090159032001,015,150
090159073004,015,
090093518003,009,140
090093519001,009,140
090093520001,009,140
090093520002,009,140
090093520003,009,140
090091704001,009,
090091705001,009,170
090091705002,009,
090091705003,009,170
090034054023,003,
090093516014,009,140
090093516021,009,140
090093516022,009,140
090034302032,003,110
090035014002,003,110
090035001002,003,110
090034806001,003,110
090093521002,009,140
090093521003,009,140
090093522001,009,140
090093521001,009,140
090091705004,009,
090091706001,009,170
090091706002,009,170
090091708001,009,170
090091708002,009,170
090091708003,009,170
090091708004,009,170
090091708005,009,170
090091711003,009,170
090091711002,009,170
090010439002,001,190
090091710001,009,170
090091711001,009,170
090012003024,001,190
090054255003,005,140
090010710001,001,120
090010702002,001,120
090010714003,001,120
090010736001,001,120
090010804001,001,120
090093526003,009,140
090091252003,009,
090091403002,009,170
090091420002,009,170
090116936002,011,180
090118705022,011,180
090138815002,013,
090138902021,013,110
090135382023,013,110
090138601001,013,110
090135381001,013,110
090091420003,009,170
090091410002,009,170
090091412003,009,170
090091655003,009,170
090091416004,009,170
090091419005,009,170
090091423002,009,170
090091424003,009,170
090117030003,011,180
090117051021,011,180
090116952023,011,180
090116961002,011,180
090116961003,011,180
090116961004,011,180
090091654005,009,170
090091709001,009,170
090091707001,009,170
090091711004,009,170
090138401002,013,
090135382012,013,110
090135304002,013,110
090138502001,013,110
090138811001,013,
090138811003,013,
090135331024,013,110
090135331022,013,110
090135305002,013,110
090138502003,013,
090138601004,013,110
090138601002,013,
090138813002,013,110
090138902022,013,
090138401004,013,110
090138502006,013,110
090135281002,013,110
090135261011,013,
090138815004,013,110
090138501001,013,110
090138811002,013,110
090034701004,003,110
090035013002,003,110
090034841003,003,110
090035152002,003,110
090035147002,003,110
090034806003,003,110
090034763001,003,110
090091802005,009,170
090091759003,009,170
090091751002,009,170
090091751001,009,170
090091753003,009,170
090091806012,009,170
090093504002,009,140
090093613001,009,
090010102024,001,190
090010709002,001,120
090012305011,001,
090093513002,009,140
090091301021,009,
090091426041,009,170
090091301012,009,
090091404002,009,170
090091545001,009,170
090012401001,001,190
090093471002,009,140
090093471003,009,140
090093472001,009,140
090093472002,009,140
090093508001,009,140
090093614011,009,170
090091510003,009,170
090093615004,009,170
090091550001,009,170
090091548003,009,170
090091551002,009,170
090093452013,009,140
090093453001,009,140
090093453002,009,140
090093453005,009,140
090093454001,009,140
090093454002,009,140
090093454003,009,140
090054255002,005,140
090093454004,009,140
090093454005,009,140
090093454006,009,140
090093471001,009,
090034736011,003,110
090034736012,003,110
090093503001,009,140
090093503002,009,140
090093504001,009,140
090093505001,009,140
090034736013,003,110
090034734001,003,110
090034735012,003,110
090159072001,015,150
090159071002,015,150
090159073003,015,150
090091660021,009,
090091713001,009,170
090011001003,001,120
090011105004,001,140
090012051001,001,190
090012108001,001,
090012111001,001,190
090012103001,001,190
090012106001,001,190
090012107021,001,190
090012108002,001,190
090012109001,001,190
090012113001,001,190
090012113002,001,190
090012201001,001,190
090012201002,001,190
090012201004,001,190
090012203001,001,190
090091752002,009,170
090012002001,001,190
090012002003,001,190
090012003021,001,190
090012003022,001,190
090012051002,001,190
090135291003,013,110
090135302001,013,110
090012106002,001,190
090012106003,001,190
090012107012,001,190
090012107022,001,190
090012109002,001,190
090012109003,001,190
090012110001,001,190
090012110003,001,190
090135304001,013,110
090012203003,001,190
090012302001,001,190
090012304003,001,
090091845002,009,170
090091846001,009,170
090091847001,009,170
090091861002,009,170
090091861003,009,170
090091861004,009,170
090091861005,009,170
090091861006,009,170
090091862002,009,170
090091862003,009,170
090091862004,009,170
090093611001,009,140
090093612001,009,140
090091901001,009,170
090091901002,009,170
090091902001,009,170
090093612002,009,140
090093612003,009,140
090091903012,009,170
090012052001,001,190
090011103022,001,
090010701001,001,120
090075502021,007,130
090053602004,005,140
090053602002,005,140
090053108032,005,160
090053106011,005,160
090054254002,005,140
090053005002,005,160
090053108041,005,160
090053492002,005,140
090010506001,001,190
090010102022,001,190
090010303003,001,190
090012114001,001,190
090010551001,001,190
090011103013,001,140
090011052002,001,
090011104001,001,140
090093523001,009,140
090010103002,001,190
090159061001,015,
090159073002,015,
090159025003,015,150
090158301002,015,150
090158006002,015,180
090159071003,015,150
090159072004,015,150
090158301001,015,
090159044001,015,150
090116962004,011,180
090116962002,011,180
090116965002,011,180
090135291002,013,110
090010427002,001,190
090010428001,001,190
090010428002,001,190
090010428003,001,190
090010604001,001,120
090010604002,001,120
090010604003,001,120
090010734003,001,120
090010735001,001,120
090010735003,001,120
090010736002,001,120
090010737001,001,120
090010737003,001,120
090010737004,001,120
090010737005,001,120
090010738001,001,120
090010429001,001,190
090010429002,001,190
090091903013,009,170
090091903024,009,170
090010430001,001,190
090010430002,001,190
090010604004,001,
090010606001,001,120
090010606002,001,
090010607001,001,120
090010801003,001,120
090010801004,001,120
090010802001,001,120
090010802002,001,120
090010802003,001,120
090116965003,011,180
090116966002,011,180
090010430003,001,190
090010431003,001,190
090010607003,001,120
090010608001,001,120
090010608002,001,120
090010609001,001,120
090010804003,001,120
090010805002,001,120
090010806001,001,
090091942014,009,170
090091942023,009,
090093411001,009,140
090093411003,009,
090010432002,001,190
090010902003,001,120
090010609002,001,120
090010610002,001,120
090010611002,001,120
090010611003,001,120
090011102022,001,
090011103011,001,140
090011104002,001,
090011105002,001,140
090012001001,001,190
090093411004,009,140
090135291004,013,110
090135301001,013,110
090135301002,013,110
090135301003,013,110
090135302003,013,110
090010433001,001,190
090010433002,001,190
090010434001,001,190
090010434002,001,190
090010434003,001,190
090010612001,001,120
090010613001,001,120
090010613002,001,120
090010614001,001,120
090010614002,001,120
090010809002,001,120
090010810001,001,120
090010810002,001,120
090010810003,001,120
090010435002,001,190
090010436001,001,190
090010436003,001,190
090010437001,001,190
090010615001,001,120
090010615002,001,120
090010615003,001,120
090010615004,001,120
090010616001,001,120
090010812002,001,120
090010812003,001,120
090010812004,001,120
090010813001,001,120
090010813002,001,
090116968001,011,180
090116968002,011,180
090116970001,011,180
090116970002,011,180
090117011002,011,180
090010218011,001,190
090010218012,001,190
090010218021,001,190
090010218022,001,190
090010437002,001,190
090010438001,001,190
090010438004,001,190
090010438005,001,190
090010438006,001,190
090010439001,001,190
090010616002,001,120
090010616003,001,120
090010701002,001,120
090010701003,001,120
090010701004,001,120
090010905001,001,
090010905003,001,120
090010905004,001,120
090010906002,001,
090093434001,009,140
090093434002,009,
090093431021,009,140
090091702002,009,170
090091701001,009,170
090091701002,009,170
090091702001,009,170
090091703002,009,170
090159044004,015,150
090159045001,015,150
090159045002,015,150
090159045003,015,150
090159045005,015,150
090159045004,015,150
090010811003,001,120
090010452002,001,190
090012201003,001,190
090075412002,007,130
090076102002,007,130
090076701001,007,130
090054253001,005,
090091715003,009,170
090091407001,009,170
090093481231,009,
090093461022,009,140
090091903023,009,170
090034661022,003,110
090075416001,007,130
090075951021,007,130
090075414022,007,130
090053604004,005,140
090053604005,005,140
090010805001,001,
090010901001,001,120
090012302002,001,190
090010905002,001,120
090118702003,011,180
090116909003,011,180
090116935002,011,180
090118707011,011,180
090118707041,011,180
090118707043,011,180
090117053003,011,180
090116903002,011,180
090116903003,011,180
090116903004,011,180
090116904002,011,180
090116905001,011,180
090117111002,011,180
090117141011,011,180
090117021001,011,180
090117161011,011,180
090117161022,011,180
090010111003,001,190
090010110005,001,190
090010224002,001,190
090010113001,001,
090010446002,001,190
090091253002,009,140
090093461013,009,140
090093614021,009,170
090093528003,009,140
090117052003,011,
090117051012,011,180
090117141031,011,
090117141042,011,180
090118705012,011,180
090116907001,011,180
090010451013,001,190
090012114002,001,190
090011002003,001,120
090010703001,001,120
090011103012,001,140
090093528001,009,140
090116908001,011,180
090116908002,011,180
090116908003,011,180
090118701002,011,180
090116501002,011,130
090116601012,011,130
090116936003,011,180
090116963001,011,180
090117001002,011,180
090117052001,011,180
090117091002,011,
090117131002,011,180
090118701003,011,
090091508003,009,170
090091511005,009,170
090093434004,009,140
090091658011,009,170
090116905002,011,180
090117023001,011,180
090117025002,011,180
090010904001,001,120
090011001001,001,120
090012107011,001,190
090012107013,001,190
090091660023,009,170
090093441001,009,140
090091717003,009,
090093452021,009,140
090116909002,011,180
090116934001,011,180
090116934002,011,180
090118705013,011,180
090118703003,011,180
090011001002,001,120
090010445002,001,190
090010444001,001,190
090010431002,001,190
090093481241,009,140
090093452023,009,140
090093434003,009,
090093524002,009,140
090093524001,009,140
090116934003,011,180
090116934004,011,180
090012001002,001,190
090116936001,011,180
090035151024,003,110
090034901004,003,110
090034903041,003,110
090034903042,003,110
090034903032,003,
090034903031,003,
090034003002,003,110
090034001021,003,110
090034207001,003,110
090034301001,003,110
090034154004,003,110
090034302011,003,110
090034302012,003,110
090034302022,003,110
090034302031,003,110
090034154005,003,110
090034155002,003,110
090034156002,003,110
090034156003,003,110
090034157002,003,110
090034157003,003,110
090034158001,003,110
090034303012,003,
090034303011,003,
090034303021,003,110
090034304001,003,110
090034160001,003,110
090034160003,003,110
090034160002,003,110
090034161001,003,110
090034161002,003,110
090034161003,003,110
090034162001,003,110
090034162002,003,110
090034162003,003,110
090034163001,003,110
090034163003,003,110
090034304002,003,110
090034306021,003,110
090034163002,003,110
090034164001,003,110
090034164002,003,110
090034164003,003,110
090034165001,003,110
090034165002,003,110
090034165004,003,110
090034165005,003,110
090034601001,003,110
090034601002,003,110
090034602041,003,110
090034602042,003,110
090010204002,001,190
090010906001,001,120
090012303002,001,190
090010301001,001,190
090010903004,001,120
090012402002,001,190
090012305022,001,
090093515003,009,140
090093515004,009,140
090093516011,009,140
090093516013,009,140
090075501002,007,130
090075601001,007,130
090075801003,007,130
090117029002,011,180
090117051023,011,
